category,total_profit,total_revenue,profit_margin
Technology,145454.9480999998,836154.0329999966,0.17395712076891987
Office Supplies,122490.8008000001,719047.0320000029,0.17035158390028596
Furniture,18451.27279999999,741999.7952999998,0.024866951334588862
