region,category,revenue
East,Technology,264973.9810000003
West,Furniture,252612.7435000003
West,Technology,251991.83199999997
West,Office Supplies,220853.24900000007
East,Furniture,208291.20400000009
East,Office Supplies,205516.0549999999
Central,Technology,170416.3119999999
Central,Office Supplies,167026.41500000027
Central,Furniture,163797.1638
South,Technology,148771.9079999999
South,Office Supplies,125651.31299999992
South,Furniture,117298.6840000001
